Top pages,Clicks,Impressions,CTR,Position
https://videotext.io/,91,750,12.13%,21.05
https://www.videotext.io/,14,41,34.15%,3.54
https://videotext.io/youtube-transcript-generator,4,251,1.59%,57.78
https://www.videotext.io/subtitle-grammar-fixer,4,61,6.56%,6.25
https://videotext.io/youtube-transcript,4,29,13.79%,14.76
https://videotext.io/tools/subtitle-word-counter,3,57,5.26%,6.6
https://videotext.io/instagram-reel-transcript,2,149,1.34%,28.98
https://videotext.io/chinese-transcription,2,59,3.39%,61.59
https://videotext.io/subtitle-grammar-fixer,2,44,4.55%,6.5
https://videotext.io/buzz-alternative,1,290,0.34%,7.29
https://videotext.io/riverside-alternative,1,96,1.04%,42.41
https://videotext.io/online-subtitle-editor,1,62,1.61%,32
https://videotext.io/tools/vtt-to-srt,1,37,2.7%,70.92
https://videotext.io/auto-subtitle-generator,1,30,3.33%,86.9
https://videotext.io/dictation-subtitles,1,24,4.17%,79.21
https://www.videotext.io/video-compressor,1,23,4.35%,4.57
https://videotext.io/tools/sbv-to-srt,1,17,5.88%,12.71
https://videotext.io/avi-to-text,1,16,6.25%,14.25
https://videotext.io/convert-audio-recording-to-text,1,12,8.33%,38.17
https://videotext.io/panopto-transcription,1,6,16.67%,22.33
https://videotext.io/google-meet-transcript,0,478,0%,79.79
https://videotext.io/blog/best-transcription-software-2026,0,247,0%,33.59
https://videotext.io/how-to-create-srt-file,0,243,0%,70.32
https://videotext.io/blog/best-video-captioning-tools-2026,0,237,0%,8.13
https://videotext.io/subtitle-tools,0,151,0%,47.77
https://videotext.io/how-to-add-subtitles-to-mp4,0,151,0%,79.09
https://videotext.io/blog/how-to-get-youtube-transcript,0,84,0%,17.81
https://videotext.io/wav-to-text,0,78,0%,92.69
https://videotext.io/vimeo-transcription,0,74,0%,12.97
https://videotext.io/blog/best-free-transcription-tools-2026,0,62,0%,7.94
https://videotext.io/capcut-captions,0,59,0%,11.05
https://videotext.io/audio-to-text,0,57,0%,3.82
https://videotext.io/capcut-alternative,0,57,0%,9.6
https://videotext.io/ogg-to-text,0,54,0%,6.89
https://videotext.io/riverside-transcription,0,53,0%,20.89
https://videotext.io/srt-to-word,0,52,0%,28.06
https://videotext.io/whisper-online,0,50,0%,13.78
https://videotext.io/trint-alternative,0,47,0%,46.3
https://videotext.io/youtube-to-transcript,0,47,0%,70.6
https://videotext.io/rev-alternative,0,46,0%,25.04
https://videotext.io/privacy,0,44,0%,5.82
https://videotext.io/tools,0,44,0%,7.68
https://videotext.io/pricing,0,39,0%,5.21
https://videotext.io/tools/timestamp-converter,0,38,0%,5.74
https://videotext.io/macwhisper-alternative,0,36,0%,9.08
https://videotext.io/notta-alternative,0,36,0%,19.69
https://videotext.io/compare,0,35,0%,23.03
https://videotext.io/blog/how-to-translate-subtitles,0,34,0%,20.62
https://videotext.io/transcribe-video-online,0,34,0%,32.21
https://videotext.io/french-transcription,0,33,0%,78.52
https://videotext.io/m4a-to-text,0,33,0%,94.58
https://videotext.io/best-video-transcription-tool,0,32,0%,6.47
https://videotext.io/qualitative-research-transcription,0,32,0%,75.5
https://videotext.io/open,0,30,0%,16.7
https://videotext.io/microsoft-teams-alternative,0,29,0%,8.9
https://videotext.io/podcast-transcription,0,27,0%,10.44
https://videotext.io/easyscribe-alternative,0,27,0%,15.56
https://videotext.io/meeting-transcription,0,27,0%,25.41
https://videotext.io/subtitle-editor,0,26,0%,26.77
https://videotext.io/japanese-transcription,0,26,0%,75.15
https://videotext.io/tools/video-bitrate-calculator,0,25,0%,4.96
https://videotext.io/mp4-to-text,0,24,0%,16.67
https://videotext.io/best-transcription-tool-for-students,0,23,0%,12.78
https://videotext.io/sdh-subtitles,0,23,0%,46.26
https://videotext.io/youtube-video-transcript,0,23,0%,57.04
https://videotext.io/german-transcription,0,23,0%,87.22
https://videotext.io/loom-transcription,0,22,0%,28
https://videotext.io/deepgram-alternative,0,20,0%,6.5
https://videotext.io/tools/video-script-timer,0,19,0%,6.11
https://www.videotext.io/faq,0,18,0%,4.39
https://videotext.io/teams-meeting-transcript,0,18,0%,7.33
https://videotext.io/transcription-for-students,0,18,0%,8
https://videotext.io/fix-subtitles,0,18,0%,18
https://videotext.io/tools/video-metadata-viewer,0,18,0%,21.28
https://videotext.io/flac-to-text,0,18,0%,61.61
https://videotext.io/korean-transcription,0,17,0%,4.88
https://videotext.io/tools/ttml-to-srt,0,17,0%,22.41
https://videotext.io/assembly-ai-alternative,0,17,0%,45.18
https://videotext.io/webinar-transcript,0,17,0%,62.71
https://videotext.io/arabic-transcription,0,17,0%,81.53
https://videotext.io/hindi-transcription,0,16,0%,39.19
https://videotext.io/portuguese-transcription,0,16,0%,48.19
https://videotext.io/best-transcription-tool-for-journalists,0,15,0%,5.8
https://videotext.io/blog/batch-subtitles-for-creators,0,15,0%,7.4
https://videotext.io/descript-alternative,0,15,0%,11.2
https://videotext.io/burn-subtitles,0,15,0%,48.53
https://www.videotext.io/srt-to-vtt,0,14,0%,6.57
https://videotext.io/blog/how-to-add-captions-youtube-video,0,14,0%,39.14
https://videotext.io/voice-message-to-text,0,14,0%,43.43
https://videotext.io/otter-ai-alternative,0,13,0%,12.15
https://videotext.io/mkv-to-text,0,13,0%,21
https://videotext.io/tools/ass-to-srt,0,13,0%,45.15
https://videotext.io/fireflies-alternative,0,13,0%,59.77
https://videotext.io/focus-group-recording-to-transcription,0,13,0%,70.15
https://videotext.io/focus-group-recording-transcription,0,13,0%,70.92
https://videotext.io/transcript-from-dissertation-interview,0,13,0%,82.85
https://videotext.io/class-recording-to-text,0,12,0%,4.58
https://videotext.io/generate-tutorial-video-transcript,0,12,0%,6.67
https://www.videotext.io/lecture-transcription,0,12,0%,22.25
https://videotext.io/aac-to-text,0,12,0%,65.42
https://videotext.io/speak-to-text,0,11,0%,7.45
https://videotext.io/hedy-ai-alternative,0,11,0%,8.09
https://videotext.io/video-accessibility,0,11,0%,8.18
https://videotext.io/granola-alternative,0,11,0%,21.45
https://videotext.io/bulk-video-transcription,0,10,0%,5.7
https://videotext.io/best-podcast-transcription-tool,0,10,0%,6
https://videotext.io/video-to-transcript,0,10,0%,17.4
https://videotext.io/elevenlabs-alternative,0,10,0%,19.7
https://videotext.io/spanish-transcription,0,10,0%,47.6
https://videotext.io/tools/srt-to-text,0,10,0%,47.7
https://videotext.io/dissertation-interview-transcription,0,10,0%,60
https://videotext.io/voice-memo-to-text,0,10,0%,69.7
https://www.videotext.io/privacy,0,9,0%,3.56
https://videotext.io/video-to-transcription,0,9,0%,4.89
https://videotext.io/best-youtube-transcription-tool,0,9,0%,7.33
https://videotext.io/voice-recorder,0,9,0%,10.56
https://videotext.io/blog/how-to-transcribe-podcast-episode,0,9,0%,38.44
https://videotext.io/blog/video-transcription-accuracy-whisper,0,9,0%,45.89
https://videotext.io/webex-transcription,0,9,0%,62.67
https://videotext.io/convert-voice-memo-to-text,0,9,0%,89.22
https://videotext.io/dissertation-interview-transcript,0,9,0%,95.56
https://videotext.io/generate-online-course-transcript,0,8,0%,4.25
https://videotext.io/focus-group-recording-subtitles,0,8,0%,5.62
https://videotext.io/blog/srt-vs-vtt-subtitle-formats,0,8,0%,6.75
https://videotext.io/panopto-alternative,0,8,0%,6.88
https://videotext.io/kapwing-alternative,0,8,0%,32
https://videotext.io/focus-group-recording-transcript,0,8,0%,94.5
https://videotext.io/online-transcription,0,7,0%,4
https://videotext.io/tutorial-video-to-text,0,7,0%,6.14
https://videotext.io/tactiq-alternative,0,7,0%,8.14
https://videotext.io/submagic-alternative,0,7,0%,39.71
https://videotext.io/voice-note-subtitles,0,7,0%,42.86
https://videotext.io/news-interview-to-transcript,0,7,0%,48
https://videotext.io/press-conference-transcript,0,7,0%,55
https://videotext.io/academic-transcription,0,7,0%,64.14
https://www.videotext.io/reduce-video-size,0,6,0%,3.5
https://videotext.io/transcript-from-youtube-video,0,6,0%,3.67
https://videotext.io/best-transcription-tool,0,6,0%,5.17
https://videotext.io/maestra-alternative,0,6,0%,5.83
https://videotext.io/castmagic-alternative,0,6,0%,10.5
https://videotext.io/translate-subtitles,0,6,0%,42
https://videotext.io/dictation-transcript,0,6,0%,59.17
https://videotext.io/webex-alternative,0,6,0%,61.5
https://videotext.io/transcript-from-news-interview,0,6,0%,69
https://videotext.io/generate-focus-group-recording-transcript,0,6,0%,71.83
https://videotext.io/focus-group-recording-to-transcript,0,6,0%,75.17
https://videotext.io/tiktok-to-transcript,0,6,0%,86
https://videotext.io/transcribe-voice-memo,0,6,0%,91
https://videotext.io/transcribe-voice-recording,0,5,0%,3.2
https://videotext.io/presentation-to-text,0,5,0%,4.2
https://videotext.io/tools/words-per-minute-calculator,0,5,0%,6.4
https://videotext.io/whisper-notes-alternative,0,5,0%,7.4
https://videotext.io/notability-alternative,0,5,0%,14
https://videotext.io/zoom-recording-subtitles,0,5,0%,16.6
https://videotext.io/fastest-transcription-software,0,5,0%,21
https://videotext.io/generate-news-interview-transcript,0,5,0%,40.2
https://videotext.io/generate-dissertation-interview-transcript,0,5,0%,87.8
https://videotext.io/transcript-from-focus-group-recording,0,5,0%,95.2
https://videotext.io/faq,0,4,0%,5
https://videotext.io/lecture-transcription,0,4,0%,5.25
https://videotext.io/transcript-from-marketing-video,0,4,0%,7
https://videotext.io/free-transcription,0,4,0%,8.5
https://videotext.io/blog/how-to-transcribe-audio-to-text-free,0,4,0%,10.5
https://videotext.io/superwhisper-alternative,0,4,0%,15
https://videotext.io/adobe-premiere-captions-alternative,0,4,0%,15.5
https://videotext.io/transcription-benchmark,0,4,0%,22
https://videotext.io/headliner-alternative,0,4,0%,25.75
https://videotext.io/transcribe-mp4-video,0,4,0%,30.75
https://videotext.io/open-captions-vs-closed-captions,0,4,0%,42.25
https://videotext.io/subtitle-edit-alternative,0,4,0%,47.75
https://videotext.io/press-conference-transcription,0,4,0%,82
https://videotext.io/transcribe-dissertation-interview,0,4,0%,83.25
https://videotext.io/transcribe-focus-group-recording,0,4,0%,86
https://videotext.io/transcribe-dictation,0,3,0%,3.33
https://videotext.io/turboscribe-alternative,0,3,0%,5
https://videotext.io/tutorial-video-transcription,0,3,0%,5.33
https://videotext.io/voice-to-text-converter,0,3,0%,6.67
https://videotext.io/voice-to-text-online,0,3,0%,6.67
https://videotext.io/convert-online-course-to-text,0,3,0%,8
https://videotext.io/microsoft-word-transcription-alternative,0,3,0%,8.67
https://videotext.io/vomo-alternative,0,3,0%,9.33
https://videotext.io/free-voice-to-text,0,3,0%,14
https://videotext.io/speechmatics-alternative,0,3,0%,16.33
https://videotext.io/transcribe-video-podcast,0,3,0%,16.33
https://videotext.io/italian-transcription,0,3,0%,36
https://videotext.io/transcribe-interview,0,3,0%,40
https://videotext.io/transcript-from-audio-recording,0,3,0%,44.33
https://videotext.io/research-interview-transcript,0,3,0%,54.33
https://videotext.io/transcription-for-journalists,0,3,0%,64.33
https://videotext.io/meeting-transcription-tool,0,3,0%,78
https://videotext.io/journalism-transcription,0,3,0%,87
https://videotext.io/press-conference-to-transcript,0,3,0%,87.67
https://videotext.io/voice-memo-transcription,0,3,0%,91.33
https://videotext.io/convert-focus-group-recording-to-text,0,3,0%,97
https://videotext.io/audio-recording-subtitles,0,3,0%,121.67
https://videotext.io/ada-video-captions,0,2,0%,3.5
https://videotext.io/burn-subtitles-into-video,0,2,0%,4
https://videotext.io/marketing-video-to-transcript,0,2,0%,4
https://videotext.io/vizard-alternative,0,2,0%,4.5
https://videotext.io/voice-recording-to-text,0,2,0%,4.5
https://videotext.io/generate-video-interview-transcript,0,2,0%,5
https://videotext.io/krisp-alternative,0,2,0%,5
https://videotext.io/mov-to-text,0,2,0%,6.5
https://videotext.io/skribo-alternative,0,2,0%,7
https://videotext.io/video-compressor,0,2,0%,7
https://videotext.io/google-docs-voice-typing-alternative,0,2,0%,7.5
https://videotext.io/transcript-from-class-recording,0,2,0%,8
https://videotext.io/product-demo-to-text,0,2,0%,9
https://videotext.io/genio-alternative,0,2,0%,10
https://videotext.io/youtube-auto-captions-alternative,0,2,0%,18
https://videotext.io/documentary-subtitles,0,2,0%,19
https://videotext.io/batch-video-processing,0,2,0%,20
https://videotext.io/videoProc-alternative,0,2,0%,20
https://videotext.io/transcribe-marketing-video,0,2,0%,25.5
https://videotext.io/mp4-video-transcript,0,2,0%,26.5
https://videotext.io/ditto-transcripts-alternative,0,2,0%,30
https://videotext.io/add-subtitles-to-video,0,2,0%,34
https://videotext.io/meetgeek-alternative,0,2,0%,43
https://videotext.io/voice-notes-to-text,0,2,0%,44.5
https://videotext.io/generate-press-conference-transcript,0,2,0%,50.5
https://videotext.io/transcribe-research-interview,0,2,0%,52
https://videotext.io/research-interview-transcription,0,2,0%,54
https://videotext.io/transcript-from-webinar,0,2,0%,85
https://videotext.io/tutorial-video-subtitles,0,2,0%,95.5
https://videotext.io/dissertation-interview-to-transcript,0,2,0%,97.5
https://videotext.io/focus-group-recording-to-text,0,2,0%,99
https://videotext.io/news-interview-transcript,0,2,0%,109
https://videotext.io/convert-dictation-to-text,0,1,0%,1
https://videotext.io/sitemap.xml,0,1,0%,1
https://videotext.io/class-recording-subtitles,0,1,0%,2
https://videotext.io/tutorial-video-to-transcription,0,1,0%,2
https://videotext.io/lecture-transcript,0,1,0%,3
https://videotext.io/transcribe-voice-note,0,1,0%,3
https://videotext.io/news-interview-transcription,0,1,0%,4
https://videotext.io/screen-recording-transcript,0,1,0%,4
https://videotext.io/convert-presentation-to-text,0,1,0%,5
https://videotext.io/convert-research-interview-to-text,0,1,0%,5
https://videotext.io/research-interview-subtitles,0,1,0%,5
https://videotext.io/transcript-from-video-podcast,0,1,0%,5
https://videotext.io/dictation-transcription,0,1,0%,6
https://videotext.io/field-recording-transcription,0,1,0%,6
https://videotext.io/news-interview-to-text,0,1,0%,6
https://videotext.io/presentation-transcription,0,1,0%,6
https://videotext.io/transcribe-class-recording,0,1,0%,6
https://videotext.io/transcribe-webinar,0,1,0%,6
https://videotext.io/webinar-to-transcription,0,1,0%,6
https://videotext.io/online-course-transcription,0,1,0%,7
https://videotext.io/presentation-subtitles,0,1,0%,7
https://videotext.io/fliki-alternative,0,1,0%,8
https://videotext.io/marketing-video-to-text,0,1,0%,8
https://videotext.io/marketing-video-transcript,0,1,0%,8
https://videotext.io/transcribe-podcast,0,1,0%,8
https://videotext.io/transcribe-press-conference,0,1,0%,9
https://videotext.io/transcript-from-tutorial-video,0,1,0%,9
https://videotext.io/voice-note-to-text,0,1,0%,9
https://videotext.io/voice-note-to-transcript,0,1,0%,9
https://videotext.io/class-recording-to-transcript,0,1,0%,10
https://videotext.io/generate-voice-recording-transcript,0,1,0%,10
https://videotext.io/invideo-alternative,0,1,0%,10
https://videotext.io/spreaker-alternative,0,1,0%,10
https://videotext.io/voice-memo-subtitles,0,1,0%,10
https://videotext.io/field-recording-to-transcript,0,1,0%,11
https://videotext.io/interview-subtitles,0,1,0%,11
https://videotext.io/subly-alternative,0,1,0%,18
https://videotext.io/movavi-alternative,0,1,0%,19
https://videotext.io/speechtexter-alternative,0,1,0%,20
https://videotext.io/podcast-subtitles,0,1,0%,24
https://videotext.io/voice-recording-subtitles,0,1,0%,31
https://videotext.io/audio-recording-transcript,0,1,0%,41
https://videotext.io/marketing-video-transcription,0,1,0%,46
https://videotext.io/mem-ai-alternative,0,1,0%,46
https://videotext.io/product-demo-subtitles,0,1,0%,49
https://videotext.io/transcribe-product-demo,0,1,0%,54
https://videotext.io/conference-talk-transcription,0,1,0%,66
https://videotext.io/transcript-from-voice-recording,0,1,0%,69
https://videotext.io/best-otter-alternatives,0,1,0%,70
https://videotext.io/zoom-recording-to-text,0,1,0%,72
https://videotext.io/research-interview-to-text,0,1,0%,74
https://videotext.io/youtube-video-subtitles,0,1,0%,77
https://videotext.io/dissertation-interview-to-transcription,0,1,0%,81
https://videotext.io/blog/how-to-translate-video-subtitles,0,1,0%,84
https://videotext.io/sitemap-index.xml,0,1,0%,85
https://videotext.io/transcript-from-press-conference,0,1,0%,86
https://videotext.io/conference-talk-transcript,0,1,0%,93
https://videotext.io/generate-meeting-transcript,0,1,0%,97
https://videotext.io/convert-dissertation-interview-to-text,0,1,0%,99
https://videotext.io/transcript-from-research-interview,0,1,0%,99
https://videotext.io/voice-message-subtitles,0,1,0%,106
https://videotext.io/news-interview-subtitles,0,1,0%,143
https://videotext.io/transcribe-news-interview,0,1,0%,159