PR,URL,Title,Content type,Is rendered page,HTTP status code,Organic traffic,Depth,No. of canonical inlinks,No. of href inlinks,Canonical URL,Canonical URL code,Canonical URL patch,Canonical URL patch status
51,https://videotext.io/,Video to Text & Subtitles — Free Online Tools | VideoText,text/html; charset=utf-8,false,200,26,0,18,0,https://videotext.io/,200,,
21,https://videotext.io/video-to-transcript,Video to Transcript — Free AI Transcription & Translation | VideoText,text/html; charset=utf-8,false,200,0,0,30,0,https://videotext.io/video-to-transcript,200,,
20,https://videotext.io/compress-video,Compress Video — Reduce File Size Online | VideoText,text/html; charset=utf-8,false,200,0,1,2,0,https://videotext.io/compress-video,200,,
20,https://videotext.io/youtube-transcript-generator,"Free YouTube Transcript Generator — No Download, Instant Results",text/html; charset=utf-8,false,200,0,0,8,0,https://videotext.io/youtube-transcript-generator,200,,
20,https://videotext.io/tools/srt-to-vtt,SRT to VTT Converter — Free Online | VideoText,text/html; charset=utf-8,false,200,0,0,1,0,https://videotext.io/tools/srt-to-vtt,200,,
20,https://videotext.io/fix-subtitles,Fix Subtitles — Auto-Correct Timing & Format | VideoText,text/html; charset=utf-8,false,200,0,0,4,0,https://videotext.io/fix-subtitles,200,,
20,https://videotext.io/video-to-subtitles,Video to Subtitles — SRT & VTT Generator | VideoText,text/html; charset=utf-8,false,200,0,0,16,0,https://videotext.io/video-to-subtitles,200,,
20,https://videotext.io/burn-subtitles,Burn Subtitles into Video — Hardcode Captions | VideoText,text/html; charset=utf-8,false,200,0,0,2,0,https://videotext.io/burn-subtitles,200,,
20,https://videotext.io/translate-subtitles,Translate Subtitles — SRT/VTT to Any Language | VideoText,text/html; charset=utf-8,false,200,0,0,6,0,https://videotext.io/translate-subtitles,200,,
20,https://videotext.io/batch-process,Batch Video to Subtitles — Multiple Videos at Once | VideoText,text/html; charset=utf-8,false,200,0,0,4,0,https://videotext.io/batch-process,200,,
