source,destination,type
https://videotext.byryze.com/automatically-transcribe-podcast-episodes-when-they-re-uploaded,https://videotext.io/guides/automatically-transcribe-podcast-episodes-when-theyre-uploaded,301
https://videotext.byryze.com/best-8-descript-alternatives-in,https://videotext.io/guides/best-8-descript-alternatives-in-2026,301
https://videotext.byryze.com/best-ai-transcription-software-for-podcasters-in,https://videotext.io/guides/best-ai-transcription-software-for-podcasters-in-2026,301
https://videotext.byryze.com/best-batch-transcription-software-in,https://videotext.io/guides/best-batch-transcription-software-in-2026,301
https://videotext.byryze.com/best-caption-tools-for-tiktok-videos-in,https://videotext.io/guides/best-caption-tools-for-tiktok-videos-in-2026,301
https://videotext.byryze.com/best-live-transcription-software-in,https://videotext.io/guides/best-live-transcription-software-in-2026,301
https://videotext.byryze.com/best-screen-recording-transcription-software-in,https://videotext.io/guides/best-screen-recording-transcription-software-in-2026,301
https://videotext.byryze.com/best-sdh-captioning-software-in,https://videotext.io/guides/best-sdh-captioning-software-in-2026,301
https://videotext.byryze.com/best-speaker-diarization-software-in,https://videotext.io/guides/best-speaker-diarization-software-in-2026,301
https://videotext.byryze.com/best-subtitle-burning-software-in,https://videotext.io/guides/best-subtitle-burning-software-in-2026,301
https://videotext.byryze.com/best-subtitle-generator-tools-for-youtube-in,https://videotext.io/guides/best-subtitle-generator-tools-for-youtube-in-2026,301
https://videotext.byryze.com/best-subtitle-qa-tools-in,https://videotext.io/guides/best-subtitle-qa-tools-in-2026,301
https://videotext.byryze.com/best-subtitle-translation-software-in,https://videotext.io/guides/best-subtitle-translation-software-in-2026,301
https://videotext.byryze.com/best-transcription-api-providers-in,https://videotext.io/guides/best-transcription-api-providers-in-2026,301
https://videotext.byryze.com/best-transcription-software-for-course-creators-in,https://videotext.io/guides/best-transcription-software-for-course-creators-in-2026,301
https://videotext.byryze.com/best-transcription-software-for-freelance-editors-in,https://videotext.io/guides/best-transcription-software-for-freelance-editors-in-2026,301
https://videotext.byryze.com/best-transcription-software-for-lecture-recordings-in,https://videotext.io/guides/best-transcription-software-for-lecture-recordings-in-2026,301
https://videotext.byryze.com/best-transcription-software-for-media-agencies-in,https://videotext.io/guides/best-transcription-software-for-media-agencies-in-2026,301
https://videotext.byryze.com/best-transcription-software-ranked-by-accuracy-in,https://videotext.io/guides/best-transcription-software-ranked-by-accuracy-in-2026,301
https://videotext.byryze.com/best-transcription-software-ranked-by-data-security-in,https://videotext.io/guides/best-transcription-software-ranked-by-data-security-in-2026,301
https://videotext.byryze.com/best-transcription-software-ranked-by-price-in,https://videotext.io/guides/best-transcription-software-ranked-by-price-in-2026,301
https://videotext.byryze.com/best-transcription-software-ranked-by-turnaround-time-in,https://videotext.io/guides/best-transcription-software-ranked-by-turnaround-time-in-2026,301
https://videotext.byryze.com/best-voice-to-text-software-for-content-creators-in,https://videotext.io/guides/best-voice-to-text-software-for-content-creators-in-2026,301
https://videotext.byryze.com/best-zoom-meeting-transcription-software-in,https://videotext.io/guides/best-zoom-meeting-transcription-software-in-2026,301
https://videotext.byryze.com/can-a-transcript-be-converted-into-srt-captions-automatically,https://videotext.io/guides/can-a-transcript-be-converted-into-srt-captions-automatically,301
https://videotext.byryze.com/can-ai-accurately-detect-and-label-multiple-speakers,https://videotext.io/guides/can-ai-accurately-detect-and-label-multiple-speakers,301
https://videotext.byryze.com/can-ai-generate-chapter-markers-for-a-video-automatically,https://videotext.io/guides/can-ai-generate-chapter-markers-for-a-video-automatically,301
https://videotext.byryze.com/can-ai-transcription-detect-background-music-or-non-speech-audio,https://videotext.io/guides/can-ai-transcription-detect-background-music-or-non-speech-audio,301
https://videotext.byryze.com/can-ai-transcription-handle-two-languages-in-one-recording,https://videotext.io/guides/can-ai-transcription-handle-two-languages-in-one-recording,301
https://videotext.byryze.com/can-ai-transcription-software-work-without-an-internet-connection,https://videotext.io/guides/can-ai-transcription-software-work-without-an-internet-connection,301
https://videotext.byryze.com/can-speaker-labels-be-edited-after-automatic-detection,https://videotext.io/guides/can-speaker-labels-be-edited-after-automatic-detection,301
https://videotext.byryze.com/can-subtitles-be-burned-into-a-video-without-losing-video-quality,https://videotext.io/guides/can-subtitles-be-burned-into-a-video-without-losing-video-quality,301
https://videotext.byryze.com/can-subtitles-be-translated-without-losing-timing-sync,https://videotext.io/guides/can-subtitles-be-translated-without-losing-timing-sync,301
https://videotext.byryze.com/can-you-batch-process-multiple-video-files-for-transcription-at-once,https://videotext.io/guides/can-you-batch-process-multiple-video-files-for-transcription-at-once,301
https://videotext.byryze.com/can-you-edit-an-ai-generated-transcript-before-exporting-it,https://videotext.io/guides/can-you-edit-an-ai-generated-transcript-before-exporting-it,301
https://videotext.byryze.com/can-you-export-a-video-transcript-directly-to-word-or-pdf,https://videotext.io/guides/can-you-export-a-video-transcript-directly-to-word-or-pdf,301
https://videotext.byryze.com/can-you-search-a-video-transcript-for-a-specific-word,https://videotext.io/guides/can-you-search-a-video-transcript-for-a-specific-word,301
https://videotext.byryze.com/capcut-projects-to-client-ready-captions-complete-workflow,https://videotext.io/guides/capcut-projects-to-client-ready-captions-complete-2026-workflow,301
https://videotext.byryze.com/clideo-alternatives-in,https://videotext.io/guides/clideo-alternatives-in-2026,301
https://videotext.byryze.com/closed-captioning-for-higher-education-and-ada-compliance-complete-guide,https://videotext.io/guides/closed-captioning-for-higher-education-and-ada-compliance-complete-2026-guide,301
https://videotext.byryze.com/flixier-alternatives-in,https://videotext.io/guides/flixier-alternatives-in-2026,301
https://videotext.byryze.com/google-meet-recordings-to-shareable-transcripts-workflow,https://videotext.io/guides/google-meet-recordings-to-shareable-transcripts-2026-workflow,301
https://videotext.byryze.com/gotranscript-alternatives-in,https://videotext.io/guides/gotranscript-alternatives-in-2026,301
https://videotext.byryze.com/how-accurate-is-ai-transcription-for-accented-english,https://videotext.io/guides/how-accurate-is-ai-transcription-for-accented-english,301
https://videotext.byryze.com/how-do-you-check-subtitle-cpl-and-reading-speed-before-delivery,https://videotext.io/guides/how-do-you-check-subtitle-cpl-and-reading-speed-before-delivery,301
https://videotext.byryze.com/how-do-you-fix-subtitle-timing-drift-after-transcription,https://videotext.io/guides/how-do-you-fix-subtitle-timing-drift-after-transcription,301
https://videotext.byryze.com/how-do-you-know-an-ai-transcript-is-clean-enough-for-delivery,https://videotext.io/guides/how-do-you-know-an-ai-transcript-is-clean-enough-for-delivery,301
https://videotext.byryze.com/how-do-you-reduce-qa-time-on-subtitles-before-client-delivery,https://videotext.io/guides/how-do-you-reduce-qa-time-on-subtitles-before-client-delivery,301
https://videotext.byryze.com/how-do-you-remove-filler-words-from-a-transcript-automatically,https://videotext.io/guides/how-do-you-remove-filler-words-from-a-transcript-automatically,301
https://videotext.byryze.com/how-do-you-turn-a-podcast-recording-into-show-notes-automatically,https://videotext.io/guides/how-do-you-turn-a-podcast-recording-into-show-notes-automatically,301
https://videotext.byryze.com/how-long-does-it-take-to-add-and-sync-subtitles-to-a-video,https://videotext.io/guides/how-long-does-it-take-to-add-and-sync-subtitles-to-a-video,301
https://videotext.byryze.com/how-long-does-it-take-to-transcribe-a-one-hour-video,https://videotext.io/guides/how-long-does-it-take-to-transcribe-a-one-hour-video,301
https://videotext.byryze.com/how-many-hours-of-audio-can-be-transcribed-in-a-single-batch-upload,https://videotext.io/guides/how-many-hours-of-audio-can-be-transcribed-in-a-single-batch-upload,301
https://videotext.byryze.com/how-much-does-professional-video-transcription-cost-in,https://videotext.io/guides/how-much-does-professional-video-transcription-cost-in-2026,301
https://videotext.byryze.com/how-much-does-subtitle-translation-cost-per-minute,https://videotext.io/guides/how-much-does-subtitle-translation-cost-per-minute,301
https://videotext.byryze.com/how-to-connect-videotext-to-zapier-for-automatic-transcription,https://videotext.io/guides/how-to-connect-videotext-to-zapier-for-automatic-transcription,301
https://videotext.byryze.com/how-to-connect-videotext-s-api-to-your-transcription-pipeline,https://videotext.io/guides/how-to-connect-videotexts-api-to-your-transcription-pipeline,301
https://videotext.byryze.com/is-ai-transcription-accurate-enough-to-skip-human-proofreading,https://videotext.io/guides/is-ai-transcription-accurate-enough-to-skip-human-proofreading,301
https://videotext.byryze.com/is-live-transcription-accurate-enough-for-broadcast-captions,https://videotext.io/guides/is-live-transcription-accurate-enough-for-broadcast-captions,301
https://videotext.byryze.com/is-machine-transcription-reliable-enough-for-research-interview-data,https://videotext.io/guides/is-machine-transcription-reliable-enough-for-research-interview-data,301
https://videotext.byryze.com/is-there-a-limit-to-how-long-a-file-can-be-for-transcription,https://videotext.io/guides/is-there-a-limit-to-how-long-a-file-can-be-for-transcription,301
https://videotext.byryze.com/is-transcription-software-worth-it-over-free-tools-in,https://videotext.io/guides/is-transcription-software-worth-it-over-free-tools-in-2026,301
https://videotext.byryze.com/loom-videos-to-searchable-transcripts-complete-workflow,https://videotext.io/guides/loom-videos-to-searchable-transcripts-complete-2026-workflow,301
https://videotext.byryze.com/maestra-alternatives-in,https://videotext.io/guides/maestra-alternatives-in-2026,301
https://videotext.byryze.com/notta-alternatives-in,https://videotext.io/guides/notta-alternatives-in-2026,301
https://videotext.byryze.com/panopto-recordings-to-accessible-captions-workflow,https://videotext.io/guides/panopto-recordings-to-accessible-captions-2026-workflow,301
https://videotext.byryze.com/riverside-alternatives-in,https://videotext.io/guides/riverside-alternatives-in-2026,301
https://videotext.byryze.com/screenapp-alternatives-in,https://videotext.io/guides/screenapp-alternatives-in-2026,301
https://videotext.byryze.com/scriptme-alternatives-in,https://videotext.io/guides/scriptme-alternatives-in-2026,301
https://videotext.byryze.com/subtitle-cpl-and-cps-benchmarks-by-style-guide,https://videotext.io/guides/subtitle-cpl-and-cps-benchmarks-by-style-guide-2026,301
https://videotext.byryze.com/subtitle-qa-for-streaming-and-ott-platforms-complete-guide,https://videotext.io/guides/subtitle-qa-for-streaming-and-ott-platforms-complete-2026-guide,301
https://videotext.byryze.com/subtitle-translation-for-global-marketing-teams-complete-guide,https://videotext.io/guides/subtitle-translation-for-global-marketing-teams-complete-2026-guide,301
https://videotext.byryze.com/subtitle-workflows-for-in-house-corporate-video-teams-complete-guide,https://videotext.io/guides/subtitle-workflows-for-in-house-corporate-video-teams-complete-2026-guide,301
https://videotext.byryze.com/tactiq-alternatives-in,https://videotext.io/guides/tactiq-alternatives-in-2026,301
https://videotext.byryze.com/transcription-and-subtitles-for-documentary-filmmakers-complete-guide,https://videotext.io/guides/transcription-and-subtitles-for-documentary-filmmakers-complete-2026-guide,301
https://videotext.byryze.com/transcription-for-legal-depositions-and-interviews-complete-guide,https://videotext.io/guides/transcription-for-legal-depositions-and-interviews-complete-2026-guide,301
https://videotext.byryze.com/transcription-for-market-research-firms-complete-guide,https://videotext.io/guides/transcription-for-market-research-firms-complete-2026-guide,301
https://videotext.byryze.com/veed-alternatives-in,https://videotext.io/guides/veed-alternatives-in-2026,301
https://videotext.byryze.com/video-captioning-for-corporate-training-and-l-d-teams-complete-guide,https://videotext.io/guides/video-captioning-for-corporate-training-and-l-d-teams-complete-2026-guide,301
https://videotext.byryze.com/video-to-text-search-demand-benchmarks-by-format,https://videotext.io/guides/video-to-text-search-demand-benchmarks-by-format-2026,301
https://videotext.byryze.com/video-transcription-for-journalists-and-newsrooms-complete-guide,https://videotext.io/guides/video-transcription-for-journalists-and-newsrooms-complete-2026-guide,301
https://videotext.byryze.com/videotext-vs-gotranscript-which-is-better-in,https://videotext.io/guides/videotext-vs-gotranscript-which-is-better-in-2026,301
https://videotext.byryze.com/videotext-vs-happy-scribe-which-is-better-in,https://videotext.io/guides/videotext-vs-happy-scribe-which-is-better-in-2026,301
https://videotext.byryze.com/videotext-vs-kapwing-which-is-better-in,https://videotext.io/guides/videotext-vs-kapwing-which-is-better-in-2026,301
https://videotext.byryze.com/videotext-vs-maestra-which-is-better-in,https://videotext.io/guides/videotext-vs-maestra-which-is-better-in-2026,301
https://videotext.byryze.com/videotext-vs-notta-which-is-better-in,https://videotext.io/guides/videotext-vs-notta-which-is-better-in-2026,301
https://videotext.byryze.com/videotext-vs-screenapp-which-is-better-in,https://videotext.io/guides/videotext-vs-screenapp-which-is-better-in-2026,301
https://videotext.byryze.com/videotext-vs-veed-which-is-better-in,https://videotext.io/guides/videotext-vs-veed-which-is-better-in-2026,301
https://videotext.byryze.com/vimeo-videos-to-translated-subtitles-complete-workflow,https://videotext.io/guides/vimeo-videos-to-translated-subtitles-complete-2026-workflow,301
https://videotext.byryze.com/zoom-recordings-to-client-ready-transcripts-complete-workflow,https://videotext.io/guides/zoom-recordings-to-client-ready-transcripts-complete-2026-workflow,301
